{
  "version": 1,
  "useIntrusiveCode": true,
  "searchRadius": 1,
  "BFSLimit": 50,
  "ignoredBlocks": [],
  "useBFS": true,
  "useRadiusSearch": true,
  "useRadiusSearchWhenReachBFSLimit": true,
  "highlightBlocksMessage": true,
  "protectTools": true,
  "protectedTools": [],
  "durabilityThreshold": 10,
  "protectAllDefaultValuableTools": true,
  "enableHighlights": true,
  "red": 255,
  "green": 255,
  "blue": 255,
  "alpha": 255,
  "renderTime": 1,
  "useHoldInsteadOfToggle": true,
  "keyBindingCode": 96,
  "defaultProtectedTools": [
    "minecraft:netherite_shovel",
    "minecraft:golden_pickaxe",
    "minecraft:netherite_sword",
    "minecraft:netherite_pickaxe",
    "minecraft:diamond_shovel",
    "minecraft:golden_hoe",
    "minecraft:netherite_hoe",
    "minecraft:golden_axe",
    "minecraft:golden_sword",
    "minecraft:diamond_sword",
    "minecraft:golden_shovel",
    "minecraft:diamond_hoe",
    "minecraft:diamond_axe",
    "minecraft:netherite_axe",
    "minecraft:diamond_pickaxe"
  ]
}